policy,seed,mean_return,survival,repro,predation_rate,cohesion_mean,flee_dist_mean,flee_dist_std,cover_frac,react_pred,react_hunger
learned,10000,236.523939,560.420315,24.187500,0.001584,0.766839,0.373411,0.008760,0.174406,0.080224,0.358439
learned,10001,159.089100,857.908847,14.117188,0.000638,0.651589,0.371002,0.010105,0.149663,0.092937,0.418029
learned,10002,293.879533,1319.587629,24.859375,0.000552,0.577909,0.363880,0.007411,0.317223,0.074313,0.406301
learned,10003,156.083222,483.749055,17.992188,0.001769,0.843652,0.379387,0.010050,0.233786,0.067905,0.371828
learned,10004,263.796650,832.249675,24.101562,0.000858,0.616802,0.366234,0.008563,0.184456,0.095957,0.456766
learned,10005,231.374315,369.301789,27.898438,0.002508,0.890790,0.380298,0.008261,0.336475,0.066681,0.343183
learned,10006,-5.931062,304.761905,8.609375,0.002384,0.894526,0.388606,0.010475,0.198272,0.063777,0.380615
learned,10007,255.271828,1011.058452,22.343750,0.000653,0.561695,0.365403,0.008754,0.187961,0.105585,0.437638
learned,10008,273.802535,1285.140562,23.085938,0.000570,0.599777,0.365562,0.007305,0.285280,0.089921,0.374831
learned,10009,121.112159,713.489409,11.562500,0.001117,0.799401,0.377109,0.008760,0.386197,0.082254,0.323920
learned,10010,286.572047,1344.537815,24.109375,0.000544,0.587220,0.364756,0.007357,0.328359,0.099344,0.386083
learned,10011,185.708233,695.652174,17.789062,0.001169,0.714958,0.372696,0.009779,0.221509,0.112327,0.380132
learned,10012,105.970505,342.429106,17.203125,0.002447,0.884124,0.384198,0.010832,0.210097,0.070212,0.373608
learned,10013,175.922736,393.362016,21.953125,0.002336,0.862497,0.380959,0.009799,0.206252,0.076752,0.357704
learned,10014,112.708587,443.213296,14.742188,0.001989,0.810392,0.380075,0.010805,0.150427,0.080943,0.366999
learned,10015,43.437657,356.347439,10.914062,0.002286,0.866367,0.385829,0.009954,0.164828,0.077679,0.334844
learned,10016,56.388187,520.748576,8.125000,0.000795,0.725990,0.376428,0.009775,0.091244,0.077193,0.411450
learned,10017,55.623843,286.738351,15.171875,0.003072,0.915386,0.389927,0.010822,0.142897,0.055801,0.366827
learned,10018,31.973954,300.328484,12.437500,0.001966,0.865835,0.385679,0.011325,0.395448,0.080029,0.441111
learned,10019,247.913281,960.960961,21.843750,0.000830,0.663584,0.368128,0.008142,0.252517,0.094598,0.399328
utility,10000,225.255239,549.356223,23.335938,0.001573,0.624966,0.395999,0.002732,0.153028,0.041893,0.352768
utility,10001,89.244124,556.521739,10.632812,0.000778,0.309240,0.390978,0.002246,0.100250,0.048094,0.434669
utility,10002,280.556757,1149.012567,24.148438,0.000605,0.240449,0.389888,0.001660,0.248464,0.038908,0.447264
utility,10003,126.672848,443.828017,16.101562,0.001897,0.745325,0.398026,0.003044,0.220459,0.039665,0.379572
utility,10004,231.114498,676.532770,22.351562,0.000997,0.397230,0.392371,0.002246,0.169353,0.042134,0.460426
utility,10005,228.050849,386.240193,27.078125,0.002367,0.885104,0.401013,0.003336,0.316808,0.043041,0.363593
utility,10006,-34.069876,286.097452,6.976562,0.002448,0.893032,0.401518,0.003692,0.191373,0.049059,0.350459
utility,10007,241.675912,827.943079,22.085938,0.000853,0.339301,0.391454,0.002094,0.161195,0.039927,0.449241
utility,10008,258.716954,1009.463722,22.656250,0.000770,0.306902,0.390941,0.001944,0.246119,0.032976,0.363009
utility,10009,122.869963,607.210626,12.906250,0.001294,0.513182,0.394214,0.002534,0.378097,0.035713,0.331241
utility,10010,240.076289,1075.630252,20.570312,0.000659,0.262202,0.390233,0.001672,0.324258,0.033928,0.402684
utility,10011,171.203141,598.690365,17.554688,0.001378,0.548355,0.394778,0.002573,0.179947,0.041569,0.360954
utility,10012,104.504507,345.945946,16.937500,0.002381,0.890731,0.401076,0.003181,0.212256,0.039921,0.385832
utility,10013,160.322369,399.251404,20.335938,0.002273,0.849222,0.400403,0.003725,0.187770,0.046936,0.332168
utility,10014,99.404376,446.304045,13.476562,0.001917,0.751395,0.398161,0.003086,0.144895,0.045790,0.356123
utility,10015,36.196518,357.941834,10.203125,0.002220,0.827744,0.400087,0.004052,0.123480,0.049080,0.325446
utility,10016,8.406241,409.207161,6.132812,0.001020,0.405906,0.392508,0.002446,0.066456,0.038427,0.387904
utility,10017,52.746759,297.259638,14.320312,0.003039,0.957428,0.405214,0.004865,0.118872,0.044241,0.332084
utility,10018,45.570773,318.725100,12.812500,0.001894,0.736433,0.398010,0.003496,0.350933,0.045399,0.442151
utility,10019,229.412532,795.031056,21.109375,0.001005,0.398645,0.392393,0.002152,0.204881,0.035692,0.395091
learned(final_10m_superseded),10000,237.924192,515.297907,25.062500,0.001734,0.924541,0.198393,0.027596,0.178795,0.044158,0.556942
learned(final_10m_superseded),10001,100.766860,633.036597,10.679688,0.000702,0.884357,0.176496,0.014618,0.127150,0.070657,0.533492
learned(final_10m_superseded),10002,290.719479,1250.000000,24.773438,0.000584,0.872134,0.184514,0.017569,0.306236,0.057942,0.642181
learned(final_10m_superseded),10003,105.484016,384.153661,15.765625,0.002070,0.940971,0.190646,0.024675,0.238623,0.031673,0.547596
learned(final_10m_superseded),10004,241.478343,658.436214,23.515625,0.001045,0.895516,0.191676,0.022156,0.176547,0.060985,0.650460
learned(final_10m_superseded),10005,231.455170,334.203655,29.210938,0.002789,0.945094,0.212730,0.035023,0.334884,0.040060,0.566854
learned(final_10m_superseded),10006,-19.747417,256.718813,10.132812,0.003159,0.943139,0.207130,0.035844,0.136050,0.037561,0.493609
learned(final_10m_superseded),10007,237.773017,838.794233,21.671875,0.000750,0.861076,0.192222,0.028668,0.135114,0.092601,0.618474
learned(final_10m_superseded),10008,270.978978,1097.770154,23.437500,0.000702,0.883332,0.185580,0.018497,0.257537,0.067453,0.564270
learned(final_10m_superseded),10009,94.302041,556.038228,10.929688,0.001184,0.922146,0.180143,0.021155,0.420538,0.059852,0.419251
learned(final_10m_superseded),10010,231.102922,1068.447412,19.796875,0.000594,0.875354,0.182883,0.020692,0.316387,0.074502,0.575751
learned(final_10m_superseded),10011,181.630664,567.375887,18.992188,0.001456,0.912027,0.194989,0.027077,0.188639,0.052794,0.556850
learned(final_10m_superseded),10012,88.658228,295.475531,17.789062,0.002670,0.945527,0.198804,0.028312,0.206847,0.029319,0.566810
learned(final_10m_superseded),10013,178.482849,320.320320,24.859375,0.002902,0.943696,0.212989,0.036455,0.173700,0.042916,0.535112
learned(final_10m_superseded),10014,116.189514,399.500624,16.250000,0.002223,0.919115,0.202571,0.032331,0.137308,0.052429,0.527009
learned(final_10m_superseded),10015,42.901074,283.813747,14.195312,0.003170,0.943844,0.208708,0.035480,0.156438,0.039387,0.435252
learned(final_10m_superseded),10016,28.342968,427.521710,7.484375,0.001112,0.905209,0.178548,0.016007,0.058836,0.056222,0.504476
learned(final_10m_superseded),10017,59.449397,244.741874,18.265625,0.003794,0.948186,0.213302,0.037328,0.101531,0.036582,0.490237
learned(final_10m_superseded),10018,63.739392,283.436670,16.257812,0.002600,0.934211,0.206307,0.042023,0.343098,0.056413,0.619517
learned(final_10m_superseded),10019,210.379300,775.757576,19.460938,0.000986,0.900752,0.186960,0.023258,0.186209,0.067255,0.571596
random,10000,124.016723,344.827586,18.718750,0.002612,0.499877,0.500032,0.288854,0.282103,0.000867,0.000974
random,10001,114.264808,628.683694,11.992188,0.000616,0.499877,0.500032,0.288854,0.319267,0.000939,0.000468
random,10002,222.819508,824.742268,20.250000,0.000905,0.499877,0.500032,0.288854,0.432889,0.000635,0.002019
random,10003,30.550124,306.220096,11.820312,0.002512,0.499877,0.500032,0.288854,0.387405,0.000452,0.000627
random,10004,210.048793,540.084388,21.992188,0.001563,0.499877,0.500032,0.288854,0.272041,0.000628,0.000852
random,10005,157.003444,295.339179,24.007812,0.003142,0.499877,0.500032,0.288854,0.381755,0.000602,0.001831
random,10006,-127.823663,198.203778,5.656250,0.003155,0.499877,0.500032,0.288854,0.360505,0.000505,0.000652
random,10007,192.059999,606.060606,19.398438,0.001225,0.499877,0.500032,0.288854,0.328778,0.000103,0.000516
random,10008,227.358661,814.249364,20.820312,0.000770,0.499877,0.500032,0.288854,0.415291,0.000373,0.000108
random,10009,84.245020,469.552458,11.515625,0.001623,0.499877,0.500032,0.288854,0.539803,0.000815,0.001061
random,10010,220.579315,938.416422,19.351562,0.000753,0.499877,0.500032,0.288854,0.422859,0.000694,0.001449
random,10011,50.367046,303.605313,13.835938,0.002261,0.499877,0.500032,0.288854,0.391752,0.001033,0.000140
random,10012,-12.627861,233.066278,12.625000,0.003181,0.499877,0.500032,0.288854,0.296020,0.000573,0.000090
random,10013,25.038750,240.060015,15.531250,0.003145,0.499877,0.500032,0.288854,0.355888,0.000879,0.000363
random,10014,-32.367731,238.805970,10.421875,0.002983,0.499877,0.500032,0.288854,0.319633,0.000334,0.000047
random,10015,-91.499082,192.192192,9.515625,0.004397,0.499877,0.500032,0.288854,0.309203,0.000181,0.001080
random,10016,-68.583680,266.112266,5.304688,0.001036,0.499877,0.500032,0.288854,0.363870,0.000537,0.000490
random,10017,-89.895010,183.223590,11.046875,0.003930,0.499877,0.500032,0.288854,0.374155,0.000548,0.001667
random,10018,-85.737971,210.526316,8.210938,0.002517,0.499877,0.500032,0.288854,0.597291,0.000847,0.001785
random,10019,180.890433,441.379310,21.171875,0.001875,0.499877,0.500032,0.288854,0.351959,0.000936,0.001261
